image_name,label
Gaara/39383.jpg,2
Iruka/23890.jpg,3
Temari/28904.jpg,10
Naruto/41919.jpg,5
Shikamaru/6790.jpg,8
Naruto/2029.jpg,5
Kankuro/20223.jpg,4
Sasuke/26202.jpg,7
Kankuro/15848.jpg,4
Sakura/15372.jpg,6
Temari/5757.jpg,10
Chie/38891.jpg,0
Kankuro/15850.jpg,4
Tsunade/42920.jpg,12
Naruto/18886.jpg,5
Naruto/29698.jpg,5
Naruto/21114.jpg,5
Naruto/35808.jpg,5
Naruto/34683.jpg,5
Sakura/943.jpg,6
Tsunade/1724.jpg,12
Sakura/10000.jpg,6
Tsunade/10849.jpg,12
Gaara/13224.jpg,2
Temari/42280.jpg,10
Sakura/12967.jpg,6
Tsunade/41740.jpg,12
Shikamaru/5755.jpg,8
Kankuro/28108.jpg,4
Naruto/6142.jpg,5
Gaara/18383.jpg,2
Naruto/27598.jpg,5
Sakura/41910.jpg,6
Shizune/215.jpg,9
Naruto/11921.jpg,5
Chie/39698.jpg,0
Naruto/21138.jpg,5
Temari/6640.jpg,10
Temari/42236.jpg,10
Naruto/15523.jpg,5
Tsunade/41543.jpg,12
Temari/42276.jpg,10
Sakura/38647.jpg,6
Gaara/3601.jpg,2
Shikamaru/29117.jpg,8
Naruto/22961.jpg,5
Sasuke/3197.jpg,7
Teuchi/23572.jpg,11
Sakura/17260.jpg,6
Sakura/3062.jpg,6
Shizune/9914.jpg,9
Sakura/17088.jpg,6
Shikamaru/6925.jpg,8
Gaara/3832.jpg,2
Ebizo/41975.jpg,1
Naruto/41918.jpg,5
Gaara/17006.jpg,2
Sakura/27713.jpg,6
Tsunade/360.jpg,12
Gaara/3596.jpg,2
Iruka/25514.jpg,3
Sakura/11028.jpg,6
Iruka/4060.jpg,3
Naruto/10923.jpg,5
Sakura/6400.jpg,6
Gaara/22873.jpg,2
Naruto/2206.jpg,5
Sakura/12966.jpg,6
Shikamaru/4206.jpg,8
Sakura/15286.jpg,6
Sakura/8607.jpg,6
Ebizo/39980.jpg,1
Iruka/23648.jpg,3
Iruka/25528.jpg,3
Sasuke/11498.jpg,7
Naruto/43591.jpg,5
Sakura/35689.jpg,6
Naruto/25560.jpg,5
Naruto/24033.jpg,5
Iruka/24018.jpg,3
Sakura/18811.jpg,6
Chie/38894.jpg,0
Kankuro/27132.jpg,4
Chie/39061.jpg,0
Kankuro/28054.jpg,4
Shikamaru/2551.jpg,8
Sakura/37607.jpg,6
Naruto/22853.jpg,5
Chie/39539.jpg,0
Shikamaru/29092.jpg,8
Sasuke/63.jpg,7
Teuchi/22233.jpg,11
Temari/6792.jpg,10
Tsunade/1027.jpg,12
Sakura/5024.jpg,6
Sakura/36070.jpg,6
Naruto/25500.jpg,5
Sasuke/667.jpg,7
Shikamaru/29123.jpg,8
Chie/39049.jpg,0
Tsunade/5585.jpg,12
Gaara/6012.jpg,2
Naruto/12802.jpg,5
Temari/41870.jpg,10
Sasuke/3089.jpg,7
Gaara/18391.jpg,2
Sakura/11661.jpg,6
Sakura/37266.jpg,6
Temari/5642.jpg,10
Gaara/18386.jpg,2
Teuchi/23516.jpg,11
Kankuro/27136.jpg,4
Sakura/6776.jpg,6
Tsunade/42869.jpg,12
Sasuke/4880.jpg,7
Iruka/4532.jpg,3
Teuchi/22237.jpg,11
Sakura/6942.jpg,6
Gaara/23053.jpg,2
Gaara/6008.jpg,2
Iruka/24155.jpg,3
Chie/39943.jpg,0
Sakura/16424.jpg,6
Teuchi/23517.jpg,11
Sakura/10879.jpg,6
Tsunade/42798.jpg,12
Sakura/22416.jpg,6
Chie/42391.jpg,0
Naruto/45960.jpg,5
Temari/6638.jpg,10
Tsunade/41535.jpg,12
Shikamaru/5624.jpg,8
Teuchi/24503.jpg,11
Sakura/37275.jpg,6
Sakura/2841.jpg,6
Tsunade/41436.jpg,12
Kankuro/28050.jpg,4
Naruto/43569.jpg,5
Tsunade/41421.jpg,12
Temari/42699.jpg,10
Tsunade/40996.jpg,12
Temari/5758.jpg,10
Iruka/22315.jpg,3
Sasuke/4937.jpg,7
Gaara/11350.jpg,2
Sakura/42921.jpg,6
Gaara/11329.jpg,2
Sakura/15428.jpg,6
Sakura/16769.jpg,6
Naruto/45985.jpg,5
Kankuro/19928.jpg,4
Sakura/12594.jpg,6
Gaara/20578.jpg,2
Naruto/34876.jpg,5
Naruto/15729.jpg,5
Gaara/15176.jpg,2
Ebizo/41998.jpg,1
Sakura/42334.jpg,6
Shikamaru/3416.jpg,8
Iruka/4239.jpg,3
Temari/35724.jpg,10
Sakura/12997.jpg,6
Naruto/22190.jpg,5
Shikamaru/4001.jpg,8
Iruka/9481.jpg,3
Kankuro/27900.jpg,4
Chie/39715.jpg,0
Sakura/36200.jpg,6
Sakura/37263.jpg,6
Gaara/26469.jpg,2
Tsunade/1657.jpg,12
Kankuro/20235.jpg,4
Shikamaru/29038.jpg,8
Gaara/7204.jpg,2
Sakura/22085.jpg,6
Naruto/6742.jpg,5
Shizune/18806.jpg,9
Kankuro/27133.jpg,4
Shikamaru/29129.jpg,8
Shikamaru/9627.jpg,8
Sakura/15349.jpg,6
Shikamaru/28944.jpg,8
Tsunade/5709.jpg,12
Temari/36546.jpg,10
Chie/38182.jpg,0
Tsunade/6269.jpg,12
Naruto/29202.jpg,5
Gaara/3818.jpg,2
Naruto/11788.jpg,5
Kankuro/19538.jpg,4
Sakura/37013.jpg,6
Sakura/42233.jpg,6
Kankuro/25270.jpg,4
Shikamaru/43509.jpg,8
Sakura/42239.jpg,6
Tsunade/42801.jpg,12
Naruto/9083.jpg,5
Sasuke/11488.jpg,7
Teuchi/22228.jpg,11
Kankuro/27398.jpg,4
Shizune/5712.jpg,9
Shizune/41008.jpg,9
Kankuro/20295.jpg,4
Sakura/12340.jpg,6
Gaara/25309.jpg,2
Shikamaru/5618.jpg,8
Tsunade/42909.jpg,12
Tsunade/40992.jpg,12
Sakura/1178.jpg,6
Temari/9547.jpg,10
Sakura/12605.jpg,6
Gaara/23348.jpg,2
Tsunade/5705.jpg,12
Shikamaru/926.jpg,8
Sasuke/3080.jpg,7
Gaara/22888.jpg,2
Iruka/4752.jpg,3
Shikamaru/5765.jpg,8
Shikamaru/6514.jpg,8
Shikamaru/6729.jpg,8
Tsunade/40213.jpg,12
Sakura/16764.jpg,6
Sakura/1191.jpg,6
Naruto/21140.jpg,5
Naruto/42755.jpg,5
Shikamaru/9624.jpg,8
Naruto/15232.jpg,5
Shikamaru/4371.jpg,8
Tsunade/17698.jpg,12
Gaara/39377.jpg,2
Shikamaru/6780.jpg,8
Gaara/26451.jpg,2
Kankuro/22711.jpg,4
Temari/36543.jpg,10
Gaara/30411.jpg,2
Kankuro/15853.jpg,4
Temari/6639.jpg,10
Sakura/12849.jpg,6
Iruka/4535.jpg,3
Temari/6596.jpg,10
Naruto/11764.jpg,5
Teuchi/23520.jpg,11
Shikamaru/28946.jpg,8
Sakura/11646.jpg,6
Kankuro/27135.jpg,4
Naruto/6765.jpg,5
Naruto/6739.jpg,5
Naruto/6744.jpg,5
Naruto/16432.jpg,5
Gaara/34806.jpg,2
Gaara/6010.jpg,2
Iruka/25488.jpg,3
Sakura/37474.jpg,6
Teuchi/22235.jpg,11
Gaara/26468.jpg,2
Temari/6339.jpg,10
Naruto/8704.jpg,5
Sakura/22409.jpg,6
Shikamaru/6789.jpg,8
Kankuro/27906.jpg,4
Sakura/38777.jpg,6
Iruka/24087.jpg,3
Sakura/2826.jpg,6
Naruto/25556.jpg,5
Naruto/22204.jpg,5
Sakura/29696.jpg,6
Shizune/41390.jpg,9
Tsunade/42893.jpg,12
Naruto/15618.jpg,5
Sakura/2328.jpg,6
Iruka/25459.jpg,3
Temari/28956.jpg,10
Shikamaru/6407.jpg,8
Sakura/29691.jpg,6
Naruto/3456.jpg,5
Shizune/41747.jpg,9
Naruto/23793.jpg,5
Ebizo/42086.jpg,1
Shikamaru/28925.jpg,8
Chie/39510.jpg,0
Tsunade/41631.jpg,12
Sakura/21971.jpg,6
Gaara/17834.jpg,2
Shikamaru/6611.jpg,8
Naruto/9935.jpg,5
Sakura/6428.jpg,6
Sakura/2715.jpg,6
Tsunade/6262.jpg,12
Gaara/18390.jpg,2
Sakura/11044.jpg,6
Naruto/3791.jpg,5
Tsunade/42910.jpg,12
Naruto/18972.jpg,5
Gaara/11348.jpg,2
Temari/5760.jpg,10
Naruto/11955.jpg,5
Naruto/1580.jpg,5
Gaara/18399.jpg,2
Shizune/41016.jpg,9
Tsunade/43608.jpg,12
Sakura/18777.jpg,6
Gaara/15088.jpg,2
Sakura/6774.jpg,6
Gaara/23049.jpg,2
Tsunade/18806.jpg,12
Tsunade/40987.jpg,12
Sakura/29694.jpg,6
Naruto/17163.jpg,5
Temari/35720.jpg,10
Gaara/14480.jpg,2
Tsunade/24385.jpg,12
Sakura/16839.jpg,6
Chie/42063.jpg,0
Sakura/944.jpg,6
Gaara/23051.jpg,2
Tsunade/42788.jpg,12
Naruto/6748.jpg,5
Tsunade/15819.jpg,12
Sakura/2596.jpg,6
Gaara/25359.jpg,2
Sakura/29690.jpg,6
Gaara/14483.jpg,2
Teuchi/23521.jpg,11
Sakura/17225.jpg,6
Teuchi/22333.jpg,11
Kankuro/28636.jpg,4
Chie/37991.jpg,0
Gaara/3876.jpg,2
Ebizo/37738.jpg,1
Sakura/11593.jpg,6
Sakura/12995.jpg,6
Shikamaru/26248.jpg,8
Sakura/11660.jpg,6
Sakura/3482.jpg,6
Ebizo/42736.jpg,1
Naruto/21117.jpg,5
Ebizo/38850.jpg,1
Shikamaru/28945.jpg,8
Sakura/42750.jpg,6
Gaara/14475.jpg,2
Tsunade/17703.jpg,12
Sakura/42689.jpg,6
Sakura/18893.jpg,6
Sakura/22084.jpg,6
Chie/37987.jpg,0
Naruto/6964.jpg,5
Kankuro/27235.jpg,4
Tsunade/42846.jpg,12
Sakura/10876.jpg,6
Gaara/3605.jpg,2
Shikamaru/5626.jpg,8
Kankuro/20259.jpg,4
Gaara/9562.jpg,2
Sakura/26057.jpg,6
Chie/39548.jpg,0
Gaara/21947.jpg,2
Sasuke/4997.jpg,7
Sakura/15742.jpg,6
Ebizo/38831.jpg,1
Sakura/12743.jpg,6
Tsunade/42923.jpg,12
Teuchi/22230.jpg,11
Sasuke/12650.jpg,7
Sakura/9770.jpg,6
Sakura/36208.jpg,6
Tsunade/41030.jpg,12
Shikamaru/6926.jpg,8
Sakura/2712.jpg,6
Temari/42300.jpg,10
Chie/38828.jpg,0
Iruka/4238.jpg,3
Temari/34814.jpg,10
Gaara/13231.jpg,2
Kankuro/20608.jpg,4
Sakura/2289.jpg,6
Tsunade/40229.jpg,12
Sakura/1105.jpg,6
Kankuro/27460.jpg,4
Sakura/942.jpg,6
Gaara/23339.jpg,2
Naruto/12355.jpg,5
Naruto/1185.jpg,5
Tsunade/24378.jpg,12
Gaara/22879.jpg,2
Tsunade/5562.jpg,12
Gaara/17812.jpg,2
Naruto/10071.jpg,5
Sakura/15284.jpg,6
Tsunade/215.jpg,12
Sakura/12745.jpg,6
Shikamaru/9592.jpg,8
Sakura/15738.jpg,6
Temari/38592.jpg,10
Shikamaru/28928.jpg,8
Teuchi/22290.jpg,11
Tsunade/40289.jpg,12
Tsunade/40045.jpg,12
Chie/42022.jpg,0
Naruto/4524.jpg,5
Shikamaru/16452.jpg,8
Ebizo/40097.jpg,1
Gaara/21944.jpg,2
Gaara/21872.jpg,2
Gaara/3822.jpg,2
Tsunade/41403.jpg,12
Chie/42374.jpg,0
Tsunade/41422.jpg,12
Chie/42396.jpg,0
Sasuke/5353.jpg,7
Sakura/16593.jpg,6
Naruto/22193.jpg,5
Iruka/4749.jpg,3
Sasuke/12655.jpg,7
Naruto/6140.jpg,5
Sasuke/2219.jpg,7
Naruto/75.jpg,5
Gaara/14232.jpg,2
Naruto/22220.jpg,5
Shikamaru/6661.jpg,8
Naruto/1896.jpg,5
Shizune/17698.jpg,9
Iruka/25474.jpg,3
Sakura/2506.jpg,6
Sakura/29693.jpg,6
Naruto/12288.jpg,5
Teuchi/23831.jpg,11
Naruto/25417.jpg,5
Naruto/29663.jpg,5
Naruto/17268.jpg,5
Naruto/29676.jpg,5
Gaara/23029.jpg,2
Sakura/38635.jpg,6
Naruto/43592.jpg,5
Sasuke/16471.jpg,7
Shikamaru/4363.jpg,8
Sakura/5690.jpg,6
Sakura/11665.jpg,6
Ebizo/39630.jpg,1
Naruto/11768.jpg,5
Shizune/41015.jpg,9
Kankuro/24959.jpg,4
Tsunade/18816.jpg,12
Teuchi/22236.jpg,11
Sakura/5697.jpg,6
Gaara/17833.jpg,2
Chie/39586.jpg,0
Gaara/25565.jpg,2
Sakura/2313.jpg,6
Temari/5597.jpg,10
Kankuro/28131.jpg,4
Naruto/6439.jpg,5
Iruka/22326.jpg,3
Naruto/42239.jpg,5
Shikamaru/9625.jpg,8
Naruto/46039.jpg,5
Teuchi/22281.jpg,11
Sasuke/12653.jpg,7
Naruto/15517.jpg,5
Naruto/21139.jpg,5
Chie/38848.jpg,0
Gaara/25365.jpg,2
Kankuro/25727.jpg,4
Kankuro/20355.jpg,4
Naruto/11759.jpg,5
Chie/39544.jpg,0
Temari/28906.jpg,10
Teuchi/21909.jpg,11
Shikamaru/43547.jpg,8
Kankuro/27905.jpg,4
Sakura/6945.jpg,6
Tsunade/40037.jpg,12
Kankuro/20359.jpg,4
Chie/39994.jpg,0
Kankuro/20229.jpg,4
Ebizo/37820.jpg,1
Naruto/2061.jpg,5
Sakura/5022.jpg,6
Teuchi/24504.jpg,11
Naruto/22203.jpg,5
Tsunade/24392.jpg,12
Naruto/41878.jpg,5
Naruto/20858.jpg,5
Ebizo/37748.jpg,1
Iruka/25515.jpg,3
Iruka/24156.jpg,3
Ebizo/37978.jpg,1
Tsunade/41029.jpg,12
Naruto/23538.jpg,5
Sakura/6775.jpg,6
Sakura/6164.jpg,6
Shikamaru/6642.jpg,8
Shizune/41007.jpg,9
Sakura/13119.jpg,6
Naruto/34892.jpg,5
Ebizo/37740.jpg,1
Sakura/1235.jpg,6
Tsunade/40991.jpg,12
Sakura/27714.jpg,6
Naruto/13106.jpg,5
Shikamaru/9609.jpg,8
Sakura/165.jpg,6
Sakura/36056.jpg,6
Sakura/42772.jpg,6
Sakura/1442.jpg,6
Temari/35797.jpg,10
Kankuro/9552.jpg,4
Naruto/8217.jpg,5
Sakura/12337.jpg,6
Naruto/4125.jpg,5
Shikamaru/6788.jpg,8
Tsunade/40034.jpg,12
Sakura/15406.jpg,6
Ebizo/37826.jpg,1
Chie/40121.jpg,0
Iruka/24090.jpg,3
Gaara/3877.jpg,2
Chie/42373.jpg,0
Naruto/25538.jpg,5
Kankuro/27464.jpg,4
Shizune/24327.jpg,9
Naruto/25428.jpg,5
Shikamaru/29089.jpg,8
Naruto/20846.jpg,5
Gaara/23343.jpg,2
Sakura/10898.jpg,6
Kankuro/27131.jpg,4
Sakura/18671.jpg,6
Sakura/9292.jpg,6
Kankuro/23066.jpg,4
Temari/38591.jpg,10
Naruto/11782.jpg,5
Sakura/17129.jpg,6
Naruto/11770.jpg,5
Ebizo/42138.jpg,1
Kankuro/20450.jpg,4
Naruto/5803.jpg,5
Iruka/25482.jpg,3
Shikamaru/4370.jpg,8
Naruto/22194.jpg,5
Gaara/25313.jpg,2
Ebizo/38828.jpg,1
Sakura/2504.jpg,6
Gaara/25304.jpg,2
Teuchi/23562.jpg,11
Naruto/11790.jpg,5
Sakura/2510.jpg,6
Chie/38169.jpg,0
Sakura/5020.jpg,6
Naruto/2036.jpg,5
Sakura/26207.jpg,6
Naruto/9084.jpg,5
Kankuro/27899.jpg,4
Gaara/6006.jpg,2
Gaara/13204.jpg,2
Ebizo/42134.jpg,1
Kankuro/19927.jpg,4
Sakura/22393.jpg,6
Temari/41864.jpg,10
Sakura/18264.jpg,6
Tsunade/40207.jpg,12
Sakura/2868.jpg,6
Sakura/37601.jpg,6
Temari/42275.jpg,10
Sakura/16515.jpg,6
Naruto/11792.jpg,5
Naruto/4534.jpg,5
Gaara/23031.jpg,2
Temari/42355.jpg,10
Teuchi/23841.jpg,11
Shikamaru/9593.jpg,8
Naruto/46060.jpg,5
Sakura/35656.jpg,6
Sakura/18781.jpg,6
Chie/39973.jpg,0
Tsunade/614.jpg,12
Shikamaru/6781.jpg,8
Shikamaru/5734.jpg,8
Tsunade/809.jpg,12
Chie/39705.jpg,0
Temari/6946.jpg,10
Temari/36497.jpg,10
Sakura/37595.jpg,6
Iruka/4207.jpg,3
Sakura/37571.jpg,6
Ebizo/38849.jpg,1
Ebizo/42095.jpg,1
Ebizo/38829.jpg,1
Gaara/20577.jpg,2
Chie/38889.jpg,0
Gaara/6881.jpg,2
Ebizo/37754.jpg,1
Temari/42281.jpg,10
Gaara/3828.jpg,2
Kankuro/28084.jpg,4
Tsunade/42797.jpg,12
Shizune/9394.jpg,9
Gaara/19151.jpg,2
Tsunade/42792.jpg,12
Sakura/5692.jpg,6
Shizune/15798.jpg,9
Kankuro/28110.jpg,4
Chie/42375.jpg,0
Naruto/2275.jpg,5
Chie/39506.jpg,0
Tsunade/18897.jpg,12
Gaara/26454.jpg,2
Gaara/22670.jpg,2
Sakura/38644.jpg,6
Chie/42084.jpg,0
Sakura/21103.jpg,6
Shikamaru/29028.jpg,8
Shikamaru/5678.jpg,8
Sakura/12949.jpg,6
Sakura/35694.jpg,6
Sakura/11597.jpg,6
Kankuro/20316.jpg,4
Sakura/89.jpg,6
Sakura/8359.jpg,6
Gaara/3725.jpg,2
Naruto/8700.jpg,5
Sakura/42338.jpg,6
Gaara/6007.jpg,2
Chie/38242.jpg,0
Naruto/4439.jpg,5
Tsunade/610.jpg,12
Chie/42394.jpg,0
Tsunade/40036.jpg,12
Naruto/23575.jpg,5
Tsunade/10848.jpg,12
Shikamaru/5623.jpg,8
Gaara/15135.jpg,2
Shikamaru/6927.jpg,8
Temari/36494.jpg,10
Temari/39816.jpg,10
Tsunade/42887.jpg,12
Naruto/6819.jpg,5
